Day,Month,Year
Friday,January21,2022
Friday,January21,2022
Friday,January21,2022
Friday,January21,2022
Friday,January21,2022
Friday,January21,2022
Friday,January21,2022
Friday,January21,2022
Friday,January21,2022
Friday,January21,2022
Friday,January21,2022
Saturday,January22,2022
Saturday,January22,2022
Saturday,January22,2022
Saturday,January22,2022
Saturday,January22,2022
Saturday,January22,2022
Saturday,January22,2022
Sunday,January23,2022
Sunday,January23,2022
Sunday,January23,2022
Sunday,January23,2022
Sunday,January23,2022
Sunday,January23,2022
Sunday,January23,2022
Monday,January24,2022
Monday,January24,2022
Monday,January24,2022
Monday,January24,2022
Monday,January24,2022
Monday,January24,2022
Tuesday,January25,2022
Tuesday,January25,2022
Tuesday,January25,2022
Tuesday,January25,2022
Tuesday,January25,2022
Wednesday,January26,2022
Wednesday,January26,2022
Wednesday,January26,2022
Wednesday,January26,2022
Wednesday,January26,2022
Wednesday,January26,2022
Wednesday,January26,2022
Wednesday,January26,2022
Thursday,January27,2022
Thursday,January27,2022
Thursday,January27,2022
Thursday,January27,2022
Thursday,January27,2022
Thursday,January27,2022
Thursday,January27,2022
Thursday,January27,2022
Friday,January28,2022
Friday,January28,2022
Friday,January28,2022
Saturday,January29,2022
Saturday,January29,2022
Saturday,January29,2022
Saturday,January29,2022
Saturday,January29,2022
Saturday,January29,2022
Sunday,January30,2022
Sunday,January30,2022
Sunday,January30,2022
Sunday,January30,2022
Sunday,January30,2022
Sunday,January30,2022
Sunday,January30,2022
Monday,January31,2022
Monday,January31,2022
Tuesday,February1,2022
Tuesday,February1,2022
Tuesday,February1,2022
Tuesday,February1,2022
Tuesday,February1,2022
Wednesday,February2,2022
Wednesday,February2,2022
Wednesday,February2,2022
Wednesday,February2,2022
Thursday,February3,2022
Thursday,February3,2022
Thursday,February3,2022
Thursday,February3,2022
Thursday,February3,2022
Thursday,February3,2022
Thursday,February3,2022
Thursday,February3,2022
Thursday,February3,2022
Thursday,February3,2022
Thursday,February3,2022
Friday,February4,2022
Friday,February4,2022
Friday,February4,2022
Friday,February4,2022
Friday,February4,2022
Friday,February4,2022
Friday,February4,2022
Friday,February4,2022
Saturday,February5,2022
Saturday,February5,2022
Sunday,February6,2022
Sunday,February6,2022
Sunday,February6,2022
Sunday,February6,2022
Sunday,February6,2022
Sunday,February6,2022
Sunday,February6,2022
Monday,February7,2022
Monday,February7,2022
Tuesday,February8,2022
Tuesday,February8,2022
Tuesday,February8,2022
Tuesday,February8,2022
Wednesday,February9,2022
Wednesday,February9,2022
Wednesday,February9,2022
Wednesday,February9,2022
Wednesday,February9,2022
Wednesday,February9,2022
Thursday,February10,2022
Thursday,February10,2022
Thursday,February10,2022
Thursday,February10,2022
Thursday,February10,2022
Thursday,February10,2022
Thursday,February10,2022
Thursday,February10,2022
Thursday,February10,2022
Thursday,February10,2022
Friday,February11,2022
Friday,February11,2022
Friday,February11,2022
Friday,February11,2022
Friday,February11,2022
Saturday,February12,2022
Saturday,February12,2022
Saturday,February12,2022
Saturday,February12,2022
Saturday,February12,2022
Saturday,February12,2022
Saturday,February12,2022
Saturday,February12,2022
Saturday,February12,2022
Saturday,February12,2022
Saturday,February12,2022
Saturday,February12,2022
Saturday,February12,2022
Sunday,February13,2022
Sunday,February13,2022
Sunday,February13,2022
Monday,February14,2022
Monday,February14,2022
Monday,February14,2022
Monday,February14,2022
Tuesday,February15,2022
Tuesday,February15,2022
Wednesday,February16,2022
Wednesday,February16,2022
Wednesday,February16,2022
Wednesday,February16,2022
Wednesday,February16,2022
Thursday,February17,2022
Thursday,February17,2022
Thursday,February17,2022
Thursday,February17,2022
Thursday,February17,2022
Thursday,February17,2022
Thursday,February17,2022
Thursday,February17,2022
Thursday,February17,2022
Thursday,February17,2022
Thursday,February17,2022
Friday,February18,2022
Friday,February18,2022
Friday,February18,2022
Friday,February18,2022
Friday,February18,2022
Friday,February18,2022
Friday,February18,2022
Friday,February18,2022
Saturday,February19,2022
Saturday,February19,2022
Saturday,February19,2022
Saturday,February19,2022
Saturday,February19,2022
Sunday,February20,2022
Sunday,February20,2022
Sunday,February20,2022
Sunday,February20,2022
Sunday,February20,2022
Sunday,February20,2022
Monday,February21,2022
Monday,February21,2022
Tuesday,February22,2022
Tuesday,February22,2022
Tuesday,February22,2022
Tuesday,February22,2022
Tuesday,February22,2022
Tuesday,February22,2022
Tuesday,February22,2022
Tuesday,February22,2022
Tuesday,February22,2022
Tuesday,February22,2022
Tuesday,February22,2022
Wednesday,February23,2022
Wednesday,February23,2022
Wednesday,February23,2022
Wednesday,February23,2022
Wednesday,February23,2022
Wednesday,February23,2022
Wednesday,February23,2022
Wednesday,February23,2022
Thursday,February24,2022
Thursday,February24,2022
Thursday,February24,2022
Thursday,February24,2022
Thursday,February24,2022
Thursday,February24,2022
Thursday,February24,2022
Thursday,February24,2022
Thursday,February24,2022
Friday,February25,2022
Friday,February25,2022
Friday,February25,2022
Friday,February25,2022
Friday,February25,2022
Friday,February25,2022
Friday,February25,2022
Friday,February25,2022
Friday,February25,2022
Saturday,February26,2022
Saturday,February26,2022
Saturday,February26,2022
Saturday,February26,2022
Saturday,February26,2022
Saturday,February26,2022
Sunday,February27,2022
Sunday,February27,2022
Sunday,February27,2022
Sunday,February27,2022
Sunday,February27,2022
Sunday,February27,2022
Monday,February28,2022
Monday,February28,2022
Monday,February28,2022
Monday,February28,2022
Monday,February28,2022
Monday,February28,2022
Tuesday,March1,2022
Tuesday,March1,2022
Wednesday,March2,2022
Wednesday,March2,2022
Wednesday,March2,2022
Wednesday,March2,2022
Wednesday,March2,2022
Wednesday,March2,2022
Wednesday,March2,2022
Wednesday,March2,2022
Wednesday,March2,2022
Wednesday,March2,2022
Wednesday,March2,2022
Thursday,March3,2022
Thursday,March3,2022
Thursday,March3,2022
Thursday,March3,2022
Friday,March4,2022
Friday,March4,2022
Friday,March4,2022
Friday,March4,2022
Friday,March4,2022
Friday,March4,2022
Friday,March4,2022
Saturday,March5,2022
Saturday,March5,2022
Saturday,March5,2022
Saturday,March5,2022
Saturday,March5,2022
Saturday,March5,2022
Saturday,March5,2022
Saturday,March5,2022
Saturday,March5,2022
Saturday,March5,2022
Saturday,March5,2022
Saturday,March5,2022
Saturday,March5,2022
Sunday,March6,2022
Sunday,March6,2022
Sunday,March6,2022
Sunday,March6,2022
Sunday,March6,2022
Sunday,March6,2022
Sunday,March6,2022
Sunday,March6,2022
Sunday,March6,2022
Monday,March7,2022
Monday,March7,2022
Monday,March7,2022
Monday,March7,2022
Monday,March7,2022
Monday,March7,2022
Monday,March7,2022
Monday,March7,2022
Monday,March7,2022
Monday,March7,2022
Tuesday,March8,2022
Tuesday,March8,2022
Tuesday,March8,2022
Wednesday,March9,2022
Wednesday,March9,2022
Wednesday,March9,2022
Wednesday,March9,2022
Wednesday,March9,2022
Wednesday,March9,2022
Wednesday,March9,2022
Wednesday,March9,2022
Wednesday,March9,2022
Wednesday,March9,2022
Thursday,March10,2022
Thursday,March10,2022
Thursday,March10,2022
Thursday,March10,2022
Thursday,March10,2022
Thursday,March10,2022
Thursday,March10,2022
Thursday,March10,2022
Thursday,March10,2022
Thursday,March10,2022
Thursday,March10,2022
Friday,March11,2022
Friday,March11,2022
Friday,March11,2022
Friday,March11,2022
Friday,March11,2022
Friday,March11,2022
Friday,March11,2022
Friday,March11,2022
Friday,March11,2022
Friday,March11,2022
Friday,March11,2022
Friday,March11,2022
Friday,March11,2022
Saturday,March12,2022
Saturday,March12,2022
Saturday,March12,2022
Saturday,March12,2022
Saturday,March12,2022
Sunday,March13,2022
Sunday,March13,2022
Sunday,March13,2022
Sunday,March13,2022
Monday,March14,2022
Monday,March14,2022
Tuesday,March15,2022
Tuesday,March15,2022
Tuesday,March15,2022
Tuesday,March15,2022
Wednesday,March16,2022
Wednesday,March16,2022
Wednesday,March16,2022
Wednesday,March16,2022
Wednesday,March16,2022
Wednesday,March16,2022
Thursday,March17,2022
Thursday,March17,2022
Thursday,March17,2022
Thursday,March17,2022
Thursday,March17,2022
Thursday,March17,2022
Thursday,March17,2022
Thursday,March17,2022
Thursday,March17,2022
Friday,March18,2022
Friday,March18,2022
Friday,March18,2022
Friday,March18,2022
Friday,March18,2022
Friday,March18,2022
Saturday,March19,2022
Saturday,March19,2022
Saturday,March19,2022
Saturday,March19,2022
Saturday,March19,2022
Saturday,March19,2022
Saturday,March19,2022
Sunday,March20,2022
Sunday,March20,2022
Sunday,March20,2022
Sunday,March20,2022
Sunday,March20,2022
Sunday,March20,2022
Monday,March21,2022
Monday,March21,2022
Monday,March21,2022
Monday,March21,2022
Tuesday,March22,2022
Tuesday,March22,2022
Tuesday,March22,2022
Tuesday,March22,2022
Tuesday,March22,2022
Tuesday,March22,2022
Tuesday,March22,2022
Tuesday,March22,2022
Wednesday,March23,2022
Wednesday,March23,2022
Wednesday,March23,2022
Wednesday,March23,2022
Wednesday,March23,2022
Wednesday,March23,2022
Wednesday,March23,2022
Wednesday,March23,2022
Thursday,March24,2022
Thursday,March24,2022
Thursday,March24,2022
Thursday,March24,2022
Thursday,March24,2022
Thursday,March24,2022
Thursday,March24,2022
Thursday,March24,2022
Thursday,March24,2022
Thursday,March24,2022
Thursday,March24,2022
Friday,March25,2022
Friday,March25,2022
Friday,March25,2022
Friday,March25,2022
Saturday,March26,2022
Saturday,March26,2022
Saturday,March26,2022
Saturday,March26,2022
Saturday,March26,2022
Saturday,March26,2022
Saturday,March26,2022
Saturday,March26,2022
Saturday,March26,2022
Saturday,March26,2022
Sunday,March27,2022
Sunday,March27,2022
Monday,March28,2022
Monday,March28,2022
Monday,March28,2022
Monday,March28,2022
Tuesday,March29,2022
Tuesday,March29,2022
Tuesday,March29,2022
Wednesday,March30,2022
Wednesday,March30,2022
Wednesday,March30,2022
Wednesday,March30,2022
Wednesday,March30,2022
Wednesday,March30,2022
Wednesday,March30,2022
Wednesday,March30,2022
Wednesday,March30,2022
Wednesday,March30,2022
Thursday,March31,2022
Thursday,March31,2022
Thursday,March31,2022
Thursday,March31,2022
Thursday,March31,2022
Thursday,March31,2022
Thursday,March31,2022
Thursday,March31,2022
Friday,April1,2022
Friday,April1,2022
Friday,April1,2022
Friday,April1,2022
Friday,April1,2022
Friday,April1,2022
Saturday,April2,2022
Saturday,April2,2022
Sunday,April3,2022
Sunday,April3,2022
Sunday,April3,2022
Sunday,April3,2022
Sunday,April3,2022
Monday,April4,2022
Monday,April4,2022
Monday,April4,2022
Monday,April4,2022
Tuesday,April5,2022
Tuesday,April5,2022
Tuesday,April5,2022
Tuesday,April5,2022
Tuesday,April5,2022
Tuesday,April5,2022
Tuesday,April5,2022
Wednesday,April6,2022
Wednesday,April6,2022
Wednesday,April6,2022
Wednesday,April6,2022
Wednesday,April6,2022
Wednesday,April6,2022
Wednesday,April6,2022
Thursday,April7,2022
Thursday,April7,2022
Thursday,April7,2022
Thursday,April7,2022
Thursday,April7,2022
Thursday,April7,2022
Thursday,April7,2022
Thursday,April7,2022
Thursday,April7,2022
Thursday,April7,2022
Friday,April8,2022
Friday,April8,2022
Friday,April8,2022
Friday,April8,2022
Friday,April8,2022
Friday,April8,2022
Friday,April8,2022
Friday,April8,2022
Friday,April8,2022
Friday,April8,2022
Saturday,April9,2022
Saturday,April9,2022
Sunday,April10,2022
Sunday,April10,2022
Sunday,April10,2022
Sunday,April10,2022
Sunday,April10,2022
Monday,April11,2022
Monday,April11,2022
Monday,April11,2022
Monday,April11,2022
Tuesday,April12,2022
Tuesday,April12,2022
Tuesday,April12,2022
Wednesday,April13,2022
Wednesday,April13,2022
Wednesday,April13,2022
Wednesday,April13,2022
Wednesday,April13,2022
Wednesday,April13,2022
Wednesday,April13,2022
Thursday,April14,2022
Thursday,April14,2022
Thursday,April14,2022
Thursday,April14,2022
Friday,April15,2022
Friday,April15,2022
Friday,April15,2022
Friday,April15,2022
Friday,April15,2022
Sunday,April17,2022
Sunday,April17,2022
Monday,April18,2022
Monday,April18,2022
Monday,April18,2022
Monday,April18,2022
Monday,April18,2022
Monday,April18,2022
Tuesday,April19,2022
Tuesday,April19,2022
Wednesday,April20,2022
Wednesday,April20,2022
Wednesday,April20,2022
Wednesday,April20,2022
Thursday,April21,2022
Thursday,April21,2022
Thursday,April21,2022
Thursday,April21,2022
Thursday,April21,2022
Thursday,April21,2022
Thursday,April21,2022
Friday,April22,2022
Friday,April22,2022
Friday,April22,2022
Friday,April22,2022
Friday,April22,2022
Friday,April22,2022
Friday,April22,2022
Saturday,April23,2022
Saturday,April23,2022
Sunday,April24,2022
Sunday,April24,2022
Sunday,April24,2022
Sunday,April24,2022
Sunday,April24,2022
Sunday,April24,2022
Monday,April25,2022
Monday,April25,2022
Monday,April25,2022
Monday,April25,2022
Tuesday,April26,2022
Tuesday,April26,2022
Tuesday,April26,2022
Tuesday,April26,2022
Wednesday,April27,2022
Wednesday,April27,2022
Wednesday,April27,2022
Wednesday,April27,2022
Wednesday,April27,2022
Thursday,April28,2022
Thursday,April28,2022
Thursday,April28,2022
Thursday,April28,2022
Friday,April29,2022
Friday,April29,2022
Friday,April29,2022
Friday,April29,2022
Friday,April29,2022
Friday,April29,2022
Friday,April29,2022
Friday,April29,2022
Friday,April29,2022
Saturday,April30,2022
Saturday,April30,2022
Saturday,April30,2022
Saturday,April30,2022
Sunday,May1,2022
Sunday,May1,2022
Sunday,May1,2022
Sunday,May1,2022
Sunday,May1,2022
Sunday,May1,2022
Sunday,May1,2022
Monday,May2,2022
Monday,May2,2022
Monday,May2,2022
Monday,May2,2022
Monday,May2,2022
Monday,May2,2022
Monday,May2,2022
Monday,May2,2022
Tuesday,May3,2022
Tuesday,May3,2022
Wednesday,May4,2022
Wednesday,May4,2022
Wednesday,May4,2022
Wednesday,May4,2022
Wednesday,May4,2022
Wednesday,May4,2022
Thursday,May5,2022
Thursday,May5,2022
Thursday,May5,2022
Thursday,May5,2022
Thursday,May5,2022
Thursday,May5,2022
Thursday,May5,2022
Thursday,May5,2022
Thursday,May5,2022
Thursday,May5,2022
